round,fedavg_hospital_f1,fedmedian_hospital_f1
0,0.3333333333333333,0.3333333333333333
1,0.3404624645481083,0.3329998332499583
2,0.9086520235860476,0.3323020522130875
3,0.8939978534565325,0.33273678042525073
4,0.860986098609861,0.33330158578979957
5,0.8572424963087123,0.9083779365059099
