round,bank_isolated_f1,bank_on_hospital_f1,hospital_isolated_f1,hospital_on_bank_f1,global_on_bank_f1,global_on_hospital_f1,global_on_tech_f1
0,0.7722236924153245,0.3477518541112735,0.9399512253828172,0.5802702180480895,0.7111111111111111,0.3333333333333333,0.5764705882352942
1,0.7707603579257273,0.3449618649167433,0.9549884770501249,0.3467642995187939,0.7316475187415737,0.3922083013526706,0.6113409390190977
2,0.7725815259790919,0.3600319791827819,0.9577326677520701,0.3557798638042196,0.7477790769498126,0.3994165398274987,0.6292448737755506
3,0.7722806979900819,0.36051647605107945,0.968999930249843,0.6304877398297352,0.7437435421810097,0.46688968702682165,0.7334800946302543
4,0.7720338983050848,0.35583807335082535,0.9694966370042297,0.658442566975378,0.7463068934344581,0.7492953219298771,0.7394633972992183
5,0.7719242471524419,0.3640914281053748,0.975499846874043,0.6488116857481248,0.7397175846465907,0.9287125511845138,0.8085935124702808
